{"cameraMode":{"drawMode":0,"name":"Shaded","section":"Shading Mode"},"sceneLighting":true,"audioPlay":false,"sceneViewState":{"m_AlwaysRefresh":false,"showFog":true,"showSkybox":true,"showFlares":true,"showImageEffects":true,"showParticleSystems":true,"showVisualEffectGraphs":true,"m_FxEnabled":true},"in2DMode":false,"pivot":{"x":2.5923080444335939,"y":3.2476749420166017,"z":-11.885213851928711},"rotation":{"x":-0.12933510541915894,"y":0.7794365882873535,"z":-0.17127685248851777,"w":-0.588546633720398},"size":23.464052200317384,"orthographic":false}