{"cameraMode":{"drawMode":0,"name":"Shaded","section":"Shading Mode"},"sceneLighting":true,"audioPlay":false,"sceneViewState":{"m_AlwaysRefresh":false,"showFog":true,"showSkybox":true,"showFlares":true,"showImageEffects":true,"showParticleSystems":true,"showVisualEffectGraphs":true,"m_FxEnabled":true},"in2DMode":false,"pivot":{"x":-0.31549954414367678,"y":8.249112129211426,"z":88.19300842285156},"rotation":{"x":0.03779572620987892,"y":0.014039111323654652,"z":-0.000543881265912205,"w":0.9991680979728699},"size":0.8660253882408142,"orthographic":false}