{"cameraMode":{"drawMode":0,"name":"Shaded","section":"Shading Mode"},"sceneLighting":true,"audioPlay":false,"sceneViewState":{"m_AlwaysRefresh":false,"showFog":true,"showSkybox":true,"showFlares":true,"showImageEffects":true,"showParticleSystems":true,"showVisualEffectGraphs":true,"m_FxEnabled":true},"in2DMode":false,"pivot":{"x":5.014184951782227,"y":2.4536070823669435,"z":21.683311462402345},"rotation":{"x":0.14083825051784516,"y":-0.0003183807129971683,"z":0.0000404971360694617,"w":0.9900209903717041},"size":12.12435531616211,"orthographic":false}